month,brand_id,months_since_onboard,product_page_visitors,ar_sessions,ar_adoption_rate,tries,orders_with_ar,orders_without_ar,conversion_rate_with_ar,conversion_rate_without_ar,avg_order_value_thb,revenue_with_ar_thb,revenue_without_ar_thb,return_rate_with_ar,return_rate_without_ar,returns_avoided
2026-04,B001,0,23225,1842,0.0793,7497,44,236,0.0239,0.011,6150,270582,1451305,0.1715,0.288,5
2026-05,B001,1,23603,3159,0.1338,13980,113,291,0.0358,0.0142,5823,658045,1694611,0.1521,0.2691,13
2026-06,B001,2,23450,5742,0.2449,24586,156,252,0.0272,0.0142,6506,1014896,1639448,0.144,0.3268,29
2026-07,B001,3,25180,6437,0.2556,28914,150,241,0.0233,0.0129,5424,813565,1307128,0.1185,0.2933,26
2026-08,B001,4,23705,8755,0.3693,35259,234,198,0.0267,0.0132,6151,1439287,1217858,0.1511,0.3321,42
2026-09,B001,5,26064,10825,0.4153,34754,269,170,0.0248,0.0112,5961,1603641,1013454,0.15,0.3095,43
2026-07,B002,0,5105,373,0.0731,1541,10,64,0.0268,0.0135,6290,62903,402581,0.146,0.291,1
2026-08,B002,1,5994,824,0.1375,3780,31,85,0.0376,0.0164,5607,173804,476559,0.1312,0.3207,6
2026-09,B002,2,5785,1286,0.2223,4130,45,65,0.035,0.0144,6019,270849,391227,0.1129,0.2877,8
2026-04,B003,0,72927,6940,0.0952,33145,196,1008,0.0282,0.0153,2505,491034,2525320,0.1539,0.2578,20
2026-05,B003,1,88447,14124,0.1597,62054,319,1075,0.0226,0.0145,2134,680831,2294338,0.1281,0.2914,52
2026-06,B003,2,86190,22210,0.2577,107794,725,1138,0.0326,0.0178,2320,1682198,2640470,0.1218,0.3014,130
2026-07,B003,3,78676,23393,0.2973,80429,687,763,0.0294,0.0138,2429,1669000,1853635,0.1262,0.2985,118
2026-08,B003,4,86820,24872,0.2865,109765,664,838,0.0267,0.0135,2229,1479932,1867745,0.1255,0.2815,104
2026-09,B003,5,93258,34993,0.3752,148894,767,589,0.0219,0.0101,2473,1897005,1456762,0.1279,0.3045,135
2026-06,B004,0,89855,7054,0.0785,22275,207,1016,0.0293,0.0123,3157,653599,3208001,0.1297,0.3197,39
2026-07,B004,1,77406,10962,0.1416,34093,316,867,0.0288,0.013,3286,1038472,2849226,0.135,0.3155,57
2026-08,B004,2,90438,19401,0.2145,94090,475,859,0.0245,0.0121,3316,1575127,2848493,0.1168,0.2676,72
2026-09,B004,3,79238,24569,0.3101,106636,898,752,0.0366,0.0138,3148,2826613,2367052,0.1102,0.268,142
2026-02,B005,0,26437,1989,0.0752,8049,71,360,0.0357,0.0147,9805,696143,3529741,0.1377,0.2932,11
2026-03,B005,1,24566,3727,0.1517,18587,99,301,0.0266,0.0144,9542,944683,2872217,0.1416,0.3033,16
2026-04,B005,2,23190,5253,0.2265,19254,152,285,0.0289,0.0159,9481,1441153,2702162,0.1718,0.2688,15
2026-05,B005,3,27677,8439,0.3049,26945,229,264,0.0271,0.0137,8787,2012297,2319854,0.13,0.2983,39
2026-06,B005,4,25217,7176,0.2846,33902,282,307,0.0393,0.017,9019,2543342,2768815,0.1439,0.2629,34
2026-07,B005,5,26135,11938,0.4568,47767,410,244,0.0343,0.0172,9536,3909731,2326767,0.1291,0.2888,65
2026-08,B005,6,23206,10075,0.4342,38944,355,208,0.0352,0.0158,9783,3473053,2034916,0.1038,0.299,69
2026-09,B005,7,24303,12281,0.5053,53936,309,126,0.0252,0.0105,10082,3115355,1270339,0.1136,0.2878,54
2026-01,B006,0,6080,536,0.0882,1743,18,82,0.0336,0.0148,6284,113107,515266,0.153,0.278,2
2026-02,B006,1,8024,1304,0.1625,4498,37,95,0.0284,0.0141,6201,229423,589059,0.143,0.2891,5
2026-03,B006,2,5675,1283,0.2261,5226,33,53,0.0257,0.0121,5942,196091,314933,0.176,0.2828,4
2026-04,B006,3,6073,1715,0.2824,8179,55,56,0.0321,0.0128,6115,336343,342459,0.1302,0.2903,9
2026-05,B006,4,7719,3006,0.3894,12960,102,88,0.0339,0.0187,5908,602642,519926,0.12,0.2879,17
2026-06,B006,5,5659,2480,0.4382,7889,73,39,0.0294,0.0123,6429,469336,250741,0.1545,0.3059,11
2026-07,B006,6,7253,2546,0.351,8159,68,59,0.0267,0.0125,6223,423181,367172,0.1435,0.2568,8
2026-08,B006,7,7760,3528,0.4546,14236,129,67,0.0366,0.0158,5511,710881,369217,0.1104,0.2866,23
2026-09,B006,8,7733,3189,0.4124,13937,103,69,0.0323,0.0152,6121,630455,422344,0.15,0.2734,13
2025-10,B007,0,4560,471,0.1033,2296,14,69,0.0297,0.0169,3309,46328,228329,0.1355,0.2949,2
2025-11,B007,1,8040,1125,0.1399,3630,29,86,0.0258,0.0124,3050,88460,262329,0.1635,0.3191,5
2025-12,B007,2,7688,1778,0.2313,7898,44,77,0.0247,0.013,3238,142470,249322,0.1524,0.2813,6
2026-01,B007,3,7079,1687,0.2383,5424,43,67,0.0255,0.0124,3336,143435,223491,0.1265,0.3083,8
2026-02,B007,4,9356,3303,0.353,16437,103,80,0.0312,0.0132,3170,326561,253639,0.1606,0.2714,11
2026-03,B007,5,7353,2913,0.3962,10073,87,55,0.0299,0.0124,3056,265915,168107,0.1007,0.3053,18
2026-08,B008,0,23977,1659,0.0692,6787,54,335,0.0325,0.015,3346,180711,1121075,0.1648,0.2933,7
2026-09,B008,1,20657,3095,0.1498,11043,98,266,0.0317,0.0151,3296,322967,876624,0.1296,0.2524,12
2025-10,B009,0,6464,457,0.0707,1455,13,73,0.0284,0.0122,3439,44702,251018,0.1637,0.2444,1
2025-11,B009,1,6977,983,0.1409,3046,41,120,0.0417,0.02,3079,126251,369515,0.1266,0.3094,7
2025-12,B009,2,7584,1622,0.2139,6884,61,94,0.0376,0.0158,3263,199059,306746,0.1031,0.3062,12
2026-01,B009,3,6197,2134,0.3444,8863,73,76,0.0342,0.0187,3401,248247,258449,0.1326,0.297,12
2026-02,B009,4,7989,2415,0.3023,7326,38,47,0.0157,0.0084,3381,128466,158892,0.1381,0.2572,5
2026-03,B009,5,7358,2887,0.3924,9572,115,75,0.0398,0.0168,3292,378545,246877,0.1282,0.2568,15
2026-04,B009,6,7130,3605,0.5056,11772,140,60,0.0388,0.017,3232,452414,193892,0.1168,0.2515,19
2026-05,B009,7,7834,3692,0.4713,13936,96,54,0.026,0.013,3288,315643,177549,0.1547,0.3144,15
2026-06,B009,8,6371,2596,0.4075,8671,73,50,0.0281,0.0132,3512,256341,175576,0.1235,0.2867,12
2026-07,B009,9,8212,3349,0.4078,16316,70,55,0.0209,0.0113,3174,222212,174595,0.1359,0.3442,15
2026-08,B009,10,8371,3811,0.4553,18866,124,69,0.0325,0.0151,3034,376205,209340,0.1763,0.2485,9
2026-09,B009,11,8062,3672,0.4555,18121,83,58,0.0226,0.0132,2943,244298,170715,0.1541,0.3021,12
2025-11,B010,0,7788,644,0.0827,3006,14,85,0.0217,0.0119,2993,41904,254415,0.1257,0.2537,2
2025-12,B010,1,7405,1179,0.1592,5851,37,87,0.0314,0.014,3140,116166,273147,0.1332,0.2913,6
2026-01,B010,2,6779,1606,0.2369,7341,40,57,0.0249,0.011,3247,129895,185100,0.1281,0.301,7
2026-02,B010,3,8194,2769,0.3379,9234,64,68,0.0231,0.0125,3095,198110,210492,0.0995,0.2547,10
2026-03,B010,4,6843,2315,0.3383,8250,53,53,0.0229,0.0117,3188,168976,168976,0.1841,0.2321,3
2026-04,B010,5,7041,2583,0.3669,8734,71,58,0.0275,0.013,3212,228026,186275,0.1471,0.2787,9
2026-05,B010,6,7224,3732,0.5166,12171,118,53,0.0316,0.0152,3247,383099,172070,0.116,0.2981,21
2026-06,B010,7,7516,2958,0.3936,12793,93,62,0.0314,0.0136,3351,311608,207739,0.0951,0.299,19
2026-07,B010,8,7556,3407,0.4509,13994,86,57,0.0252,0.0137,3249,279403,185186,0.0969,0.2533,13
2026-08,B010,9,8334,3324,0.3988,13285,104,76,0.0313,0.0152,3289,342048,249958,0.1321,0.2622,14
2026-09,B010,10,7444,3350,0.45,12052,105,60,0.0313,0.0147,3326,349208,199547,0.1564,0.2601,11
2026-06,B011,0,23449,1688,0.072,8111,27,251,0.016,0.0115,6127,165431,1537893,0.1468,0.307,4
2026-07,B011,1,25089,4064,0.162,13432,123,337,0.0303,0.016,6189,761303,2085847,0.1366,0.2893,19
2026-08,B011,2,22628,5378,0.2377,17806,130,218,0.0242,0.0126,6257,813461,1364112,0.1552,0.3079,20
2026-09,B011,3,23363,6063,0.2595,20632,208,257,0.0343,0.0149,6230,1295789,1601047,0.1268,0.2803,32
2026-07,B012,0,5396,396,0.0734,1673,9,58,0.0227,0.0116,3004,27040,174256,0.1576,0.3055,1
2026-08,B012,1,6586,1035,0.1572,5137,29,67,0.028,0.0121,3279,95104,219724,0.1368,0.3023,5
2026-09,B012,2,5398,1329,0.2462,4601,36,50,0.0271,0.0123,3185,114642,159225,0.1177,0.2945,6
2026-07,B013,0,23692,2245,0.0948,10960,53,246,0.0236,0.0115,3148,166856,774465,0.1786,0.2722,5
2026-08,B013,1,21837,3292,0.1508,13314,107,280,0.0325,0.0151,3150,337038,881970,0.1962,0.3448,16
2026-09,B013,2,23886,5613,0.235,27259,178,303,0.0317,0.0166,3003,534568,909967,0.1435,0.2394,17
2026-05,B014,0,20736,1618,0.078,5576,66,342,0.0408,0.0179,2568,169501,878324,0.1393,0.257,8
2026-06,B014,1,24114,3791,0.1572,17364,69,242,0.0182,0.0119,2520,173895,609893,0.1115,0.3216,14
2026-07,B014,2,22966,5349,0.2329,26513,148,206,0.0277,0.0117,2181,322824,449336,0.1249,0.2877,24
2026-08,B014,3,25511,7818,0.3065,33318,226,245,0.0289,0.0138,2704,611083,662457,0.1321,0.3102,40
2026-09,B014,4,23943,8779,0.3667,37139,321,277,0.0366,0.0183,2684,861528,743437,0.1038,0.2905,60
2026-07,B015,0,93201,7997,0.0858,38677,256,1200,0.032,0.0141,3222,824831,3866394,0.1287,0.2625,34
2026-08,B015,1,74607,11427,0.1532,52972,252,736,0.0221,0.0116,2944,741975,2167039,0.1227,0.2704,37
2026-09,B015,2,91907,20539,0.2235,79875,539,949,0.0262,0.0133,3230,1740802,3064974,0.1029,0.2754,93
2025-10,B016,0,27488,1850,0.0673,8881,71,410,0.0384,0.016,3117,221295,1277899,0.1344,0.2951,11
2025-11,B016,1,25005,3779,0.1511,11876,105,290,0.0278,0.0137,3221,338256,934232,0.1441,0.3047,17
2025-12,B016,2,28027,6010,0.2144,29218,181,375,0.0301,0.017,3226,583859,1209653,0.144,0.2905,27
2026-01,B016,3,26563,8421,0.317,37092,169,182,0.0201,0.01,3011,508852,547994,0.1336,0.2773,24
2026-02,B016,4,32763,11147,0.3402,44062,328,336,0.0294,0.0155,3282,1076413,1102667,0.125,0.2635,45
2026-03,B016,5,26157,10359,0.396,49557,376,242,0.0363,0.0153,3567,1341226,863236,0.1087,0.2695,60
2026-04,B016,6,26561,14975,0.5638,53149,466,155,0.0311,0.0134,3543,1651201,549219,0.1167,0.2748,74
2026-05,B016,7,28373,13114,0.4622,64114,520,291,0.0397,0.0191,3013,1566881,876850,0.1202,0.2465,66
2026-06,B016,8,25457,10106,0.397,35784,242,171,0.0239,0.0111,3302,798973,564564,0.1902,0.3248,33
2026-07,B016,9,27446,13102,0.4774,47477,415,220,0.0317,0.0153,3457,1434780,760606,0.1613,0.28,49
2026-08,B016,10,31430,14391,0.4579,67532,474,278,0.0329,0.0163,3019,1431130,839355,0.0999,0.2726,82
2026-09,B016,11,27343,13498,0.4937,43905,339,172,0.0251,0.0124,3356,1137567,577173,0.1548,0.3146,54
2026-06,B017,0,6024,510,0.0847,1832,19,91,0.0373,0.0165,3141,59680,285838,0.1759,0.2691,2
2026-07,B017,1,6174,821,0.133,3118,23,68,0.028,0.0127,3119,71743,212109,0.092,0.3244,5
2026-08,B017,2,5812,1366,0.235,4143,47,67,0.0344,0.0151,3341,157007,223818,0.0976,0.2527,7
2026-09,B017,3,6161,1736,0.2818,5360,60,72,0.0346,0.0163,3148,188867,226640,0.0974,0.3058,13
2025-11,B018,0,6508,495,0.0761,1711,15,89,0.0303,0.0148,9775,146622,869956,0.1745,0.3204,2
2025-12,B018,1,7262,1059,0.1458,4751,36,94,0.034,0.0152,9447,340093,888020,0.1092,0.3073,7
2026-01,B018,2,6696,1397,0.2086,5571,35,64,0.0251,0.0121,10543,368988,674721,0.1265,0.2531,4
2026-02,B018,3,8213,2429,0.2958,8617,68,87,0.028,0.015,9079,617338,789830,0.1223,0.2901,11
2026-03,B018,4,7024,2557,0.364,9425,85,65,0.0332,0.0146,9823,834939,638483,0.1679,0.2911,10
2026-04,B018,5,6757,2603,0.3852,9804,93,68,0.0357,0.0164,8469,787605,575884,0.127,0.3106,17
2026-05,B018,6,7616,3353,0.4403,14434,95,67,0.0283,0.0157,9595,911501,642848,0.1387,0.3096,16
2026-06,B018,7,7246,2921,0.4031,12315,61,55,0.0209,0.0127,9582,584516,527022,0.109,0.3027,12
2026-07,B018,8,7627,3443,0.4514,16277,99,62,0.0288,0.0148,10483,1037858,649972,0.1231,0.2372,11
2026-08,B018,9,7892,3800,0.4815,11782,106,54,0.0279,0.0132,8659,917812,467564,0.1204,0.2355,12
2026-09,B018,10,7107,3514,0.4944,16559,87,45,0.0248,0.0125,9644,839000,433965,0.1236,0.2747,13
2025-11,B019,0,7811,626,0.0801,2830,20,104,0.0319,0.0145,5605,112109,582965,0.1691,0.3166,3
2025-12,B019,1,8391,1139,0.1357,5636,29,96,0.0255,0.0132,6136,177934,589023,0.1154,0.2869,5
2026-01,B019,2,7065,1537,0.2176,4881,48,80,0.0312,0.0145,6401,307244,512073,0.1336,0.3091,8
2026-02,B019,3,7472,2200,0.2944,10617,54,69,0.0245,0.0131,6517,351937,449697,0.161,0.2529,5
2026-03,B019,4,6315,2294,0.3633,10008,64,58,0.0279,0.0144,6178,395383,358316,0.1198,0.289,11
2026-04,B019,5,6631,2496,0.3764,10418,67,55,0.0268,0.0133,6234,417667,342861,0.1517,0.2809,9
2026-05,B019,6,7044,3253,0.4618,11652,93,48,0.0286,0.0127,6466,601339,310369,0.1398,0.2654,12
2026-06,B019,7,7952,3264,0.4105,16208,112,68,0.0343,0.0145,6293,704765,427893,0.1429,0.2845,16
2026-07,B019,8,7606,3463,0.4553,15392,112,70,0.0323,0.0169,5973,668990,418119,0.0809,0.2938,24
2026-08,B019,9,7530,3089,0.4102,13331,103,73,0.0333,0.0164,6441,663389,470169,0.1278,0.2735,15
2026-09,B019,10,8291,3563,0.4297,14586,82,58,0.023,0.0123,6499,532954,376967,0.1304,0.2471,10
2026-01,B020,0,19602,1607,0.082,6185,56,289,0.0348,0.0161,9049,506720,2615035,0.1334,0.2791,8
2026-02,B020,1,28346,3679,0.1298,12121,79,280,0.0215,0.0114,9588,757435,2684578,0.1737,0.2564,7
2026-03,B020,2,24472,5071,0.2072,23073,171,311,0.0337,0.016,9681,1655420,3010735,0.1295,0.2851,27
2026-04,B020,3,23996,7310,0.3046,22558,184,217,0.0252,0.013,9424,1734076,2045079,0.1144,0.3028,35
2026-05,B020,4,26625,8966,0.3368,34209,326,307,0.0364,0.0174,8936,2913227,2743438,0.1323,0.3012,55
2026-06,B020,5,23252,6940,0.2985,30527,179,191,0.0258,0.0117,8645,1547367,1651101,0.1257,0.3138,34
2026-07,B020,6,24026,10898,0.4536,47521,379,197,0.0348,0.015,9955,3772985,1961156,0.1088,0.2891,68
2026-08,B020,7,23537,9047,0.3844,41932,283,213,0.0313,0.0147,9732,2754204,2072952,0.1419,0.2913,42
2026-09,B020,8,24514,12889,0.5258,59960,329,157,0.0255,0.0135,9019,2967184,1415951,0.1285,0.2773,49
2026-04,B021,0,84062,6751,0.0803,30612,187,945,0.0277,0.0122,5989,1119870,5659238,0.1364,0.2874,28
2026-05,B021,1,80360,12548,0.1561,56530,285,855,0.0227,0.0126,5851,1667645,5002936,0.1049,0.2826,51
2026-06,B021,2,80445,18493,0.2299,81516,603,967,0.0326,0.0156,6324,3813463,6115453,0.1192,0.3155,118
2026-07,B021,3,79469,17219,0.2167,83340,451,917,0.0262,0.0147,5923,2671387,5431622,0.1389,0.3006,73
2026-08,B021,4,87535,27008,0.3085,128586,653,864,0.0242,0.0143,6487,4235959,5604699,0.1296,0.2776,97
2026-09,B021,5,98657,39927,0.4047,163582,1181,777,0.0296,0.0132,6168,7284530,4792616,0.119,0.2853,196
2025-11,B022,0,7608,506,0.0665,1835,12,89,0.0237,0.0125,9639,115672,857903,0.1187,0.2206,1
2025-12,B022,1,6997,974,0.1392,3995,24,74,0.0246,0.0123,10102,242455,747568,0.1263,0.2971,4
2026-01,B022,2,6646,1661,0.2499,7090,51,71,0.0307,0.0142,9243,471396,656257,0.1159,0.3416,12
2026-02,B022,3,6796,1860,0.2737,9233,44,51,0.0237,0.0103,9608,422771,490030,0.1361,0.3284,8
2026-03,B022,4,6858,2243,0.3271,7997,79,82,0.0352,0.0178,9693,765755,794834,0.1393,0.3014,13
2026-04,B022,5,7252,3040,0.4192,11248,114,70,0.0375,0.0166,9547,1088307,668258,0.1571,0.2881,15
2026-05,B022,6,7600,3494,0.4597,17270,126,73,0.0361,0.0178,9234,1163498,674090,0.1204,0.2855,21
2026-06,B022,7,6981,3571,0.5115,17427,101,45,0.0283,0.0132,9520,961546,428412,0.1152,0.2741,16
2026-07,B022,8,7043,2805,0.3983,9215,82,55,0.0292,0.013,8922,731578,490693,0.1086,0.2676,13
2026-08,B022,9,6894,2599,0.377,11391,75,61,0.0289,0.0142,9923,744252,605325,0.0907,0.3112,17
2026-09,B022,10,7363,3357,0.4559,13645,77,51,0.0229,0.0127,9161,705418,467225,0.1289,0.304,13
2026-03,B023,0,20686,1907,0.0922,6319,57,294,0.0299,0.0157,8944,509789,2629440,0.1282,0.2597,7
2026-04,B023,1,18356,2414,0.1315,8744,76,231,0.0315,0.0145,9781,743354,2259404,0.1637,0.2783,9
2026-05,B023,2,27015,5917,0.219,28837,171,356,0.0289,0.0169,9619,1644835,3424335,0.1517,0.2976,25
2026-06,B023,3,24622,7300,0.2965,23394,303,319,0.0415,0.0184,9233,2797700,2945433,0.1535,0.2956,43
2026-07,B023,4,21968,8404,0.3826,28857,235,168,0.028,0.0124,9744,2289924,1637052,0.1269,0.2646,32
2026-08,B023,5,23896,9342,0.3909,32734,264,234,0.0283,0.0161,9717,2565419,2273894,0.1569,0.2579,27
2026-09,B023,6,27858,11934,0.4284,46385,405,259,0.0339,0.0163,9256,3748539,2397214,0.1073,0.272,67
2026-07,B024,0,5730,400,0.0698,1316,10,87,0.025,0.0163,3352,33525,291665,0.1603,0.279,1
2026-08,B024,1,6905,1093,0.1583,5301,30,74,0.0274,0.0127,3206,96189,237266,0.1384,0.2905,5
2026-09,B024,2,5673,1240,0.2186,6044,46,67,0.0371,0.0151,3383,155603,226639,0.1826,0.2799,4
2026-06,B025,0,80607,6589,0.0817,28473,193,1006,0.0293,0.0136,9868,1904597,9927591,0.1465,0.3145,32
2026-07,B025,1,93156,15230,0.1635,66719,523,1325,0.0343,0.017,9362,4896184,12404290,0.118,0.2575,73
2026-08,B025,2,88411,18312,0.2071,89965,577,1077,0.0315,0.0154,9424,5437363,10149116,0.1454,0.2731,74
2026-09,B025,3,83451,26261,0.3147,113760,867,912,0.033,0.0159,8418,7298666,7677489,0.1235,0.2912,145
2025-12,B026,0,27409,2254,0.0822,10893,68,323,0.0302,0.0128,3339,227035,1078418,0.1261,0.2481,8
2026-01,B026,1,22120,2784,0.1259,10855,80,268,0.0287,0.0139,3249,259915,870714,0.1075,0.2432,11
2026-02,B026,2,28957,6055,0.2091,23131,229,365,0.0378,0.0159,3302,756229,1205344,0.1242,0.2826,36
2026-03,B026,3,25182,8498,0.3375,28230,183,200,0.0215,0.012,3484,637634,696867,0.1426,0.263,22
2026-04,B026,4,26594,11187,0.4207,49099,257,142,0.023,0.0092,2927,752177,415600,0.1115,0.3128,52
2026-05,B026,5,30440,13477,0.4427,45220,486,267,0.0361,0.0157,3261,1584651,870580,0.1526,0.274,59
2026-06,B026,6,22132,10051,0.4541,48265,242,172,0.0241,0.0142,2947,713159,506873,0.1494,0.3385,46
2026-07,B026,7,22139,9998,0.4516,45174,275,142,0.0275,0.0117,3376,928460,479423,0.137,0.2887,42
2026-08,B026,8,22254,10340,0.4646,34428,311,179,0.0301,0.015,3031,942631,542543,0.1581,0.2726,36
2026-09,B026,9,24733,11772,0.476,51882,446,213,0.0379,0.0164,3133,1397520,667425,0.1502,0.3216,76
2025-12,B027,0,30126,2360,0.0783,8605,85,394,0.036,0.0142,6261,532206,2466931,0.134,0.3273,16
2026-01,B027,1,23862,3792,0.1589,15430,114,285,0.0301,0.0142,6466,737105,1842762,0.1509,0.308,18
2026-02,B027,2,27080,5439,0.2008,25676,156,293,0.0287,0.0135,6366,993127,1865296,0.1206,0.3198,31
2026-03,B027,3,25963,6936,0.2671,32408,234,299,0.0337,0.0157,6597,1543808,1972644,0.1171,0.2694,36
2026-04,B027,4,23146,8197,0.3541,27726,221,171,0.027,0.0114,6214,1373236,1062549,0.1696,0.2716,23
2026-05,B027,5,28226,13436,0.476,42078,367,199,0.0273,0.0135,6048,2219795,1203649,0.1497,0.293,53
2026-06,B027,6,23763,10746,0.4522,37656,339,226,0.0315,0.0174,6056,2052946,1368630,0.081,0.2804,68
2026-07,B027,7,28174,12474,0.4427,42474,369,213,0.0296,0.0136,5803,2141221,1235990,0.15,0.2921,52
2026-08,B027,8,26542,13127,0.4946,61519,346,149,0.0264,0.0111,6462,2235967,962888,0.079,0.2921,74
2026-09,B027,9,27496,14724,0.5355,55732,393,152,0.0267,0.0119,5547,2180045,843173,0.0964,0.3235,89
2026-02,B028,0,7680,659,0.0858,3231,22,106,0.0334,0.0151,3336,73399,353652,0.1631,0.3245,4
2026-03,B028,1,5418,909,0.1678,2751,35,87,0.0385,0.0193,3210,112354,279280,0.1772,0.3024,4
2026-04,B028,2,6468,1586,0.2452,5318,41,66,0.0259,0.0135,3181,130425,209953,0.1476,0.2858,6
2026-05,B028,3,6605,1988,0.301,7293,61,63,0.0307,0.0136,3056,186403,192515,0.1146,0.2719,10
2026-02,B029,0,7308,596,0.0816,1811,12,81,0.0201,0.0121,6552,78626,530726,0.1233,0.3319,3
2026-03,B029,1,6573,1011,0.1538,4409,15,39,0.0148,0.007,6068,91026,236668,0.1223,0.2931,3
2026-04,B029,2,6793,1472,0.2167,5636,40,77,0.0272,0.0145,5959,238340,458805,0.1409,0.2827,6
2026-05,B029,3,7013,1740,0.2481,7431,57,82,0.0328,0.0156,5950,339178,487940,0.1367,0.2529,7
2026-06,B029,4,6541,2395,0.3662,7200,67,64,0.028,0.0154,6174,413651,395129,0.1486,0.293,10
2026-07,B029,5,7232,2602,0.3598,11538,58,45,0.0223,0.0097,6556,380259,295028,0.1142,0.2862,10
2026-08,B029,6,6943,3427,0.4936,12110,84,50,0.0245,0.0142,6113,513530,305672,0.1051,0.2566,13
2026-09,B029,7,7660,3240,0.423,14560,104,70,0.0321,0.0158,6045,628707,423168,0.1578,0.3017,15
2026-01,B030,0,23763,1799,0.0757,6278,35,239,0.0195,0.0109,9720,340186,2322987,0.1271,0.2901,6
2026-02,B030,1,25011,3456,0.1382,12034,143,357,0.0414,0.0166,9095,1300515,3246741,0.1116,0.2859,25
2026-03,B030,2,22860,4587,0.2007,22704,99,221,0.0216,0.0121,8820,873194,1949251,0.1618,0.2807,12
2026-04,B030,3,23484,6961,0.2964,24165,216,219,0.031,0.0133,9645,2083383,2112318,0.1416,0.3293,41
2026-05,B030,4,29895,10534,0.3524,46558,293,291,0.0278,0.015,9337,2735830,2717155,0.1175,0.2775,47
2026-06,B030,5,23884,9772,0.4091,41054,291,177,0.0298,0.0125,9266,2696319,1640029,0.07,0.2436,51
2026-07,B030,6,25753,11714,0.4549,37286,383,197,0.0327,0.014,9898,3791008,1949944,0.1557,0.2815,48
2026-08,B030,7,25860,13949,0.5394,66572,442,175,0.0317,0.0147,9267,4095977,1621710,0.091,0.2973,91
2026-09,B030,8,24737,10054,0.4064,45651,290,194,0.0288,0.0132,8935,2591181,1733411,0.113,0.3002,54
2026-05,B031,0,90161,7557,0.0838,32091,246,1282,0.0326,0.0155,6114,1504160,7838753,0.1324,0.2715,34
2026-06,B031,1,88337,14632,0.1656,65171,456,1060,0.0312,0.0144,5954,2714892,6310934,0.1872,0.2936,49
2026-07,B031,2,87082,18478,0.2122,76697,552,900,0.0299,0.0131,6652,3671831,5986680,0.1343,0.2683,74
2026-08,B031,3,90151,27632,0.3065,97319,853,1104,0.0309,0.0177,5992,5111399,6615457,0.1128,0.3178,175
2026-09,B031,4,95759,38184,0.3988,181646,898,752,0.0235,0.0131,6718,6033146,5052256,0.1463,0.288,127
2026-04,B032,0,5982,420,0.0702,1979,12,79,0.0286,0.0142,6028,72331,476179,0.1171,0.3151,2
2026-05,B032,1,5823,890,0.1528,3516,24,66,0.027,0.0134,6109,146604,403162,0.1462,0.2498,2
2026-06,B032,2,6738,1596,0.2369,5436,68,96,0.0426,0.0187,6481,440687,622147,0.1264,0.2848,11
2026-07,B032,3,6665,1634,0.2452,5262,44,71,0.0269,0.0141,6119,269249,434470,0.1007,0.2424,6
2026-08,B032,4,6953,2330,0.3351,8553,103,88,0.0442,0.019,6313,650205,555515,0.1212,0.3068,19
2026-09,B032,5,6983,3323,0.4759,14674,80,47,0.0241,0.0128,5808,464652,272983,0.1271,0.3328,16
2026-02,B033,0,7720,554,0.0718,2217,16,99,0.0289,0.0138,6314,101027,625104,0.152,0.2819,2
2026-03,B033,1,5977,824,0.1379,3212,22,71,0.0267,0.0138,6169,135707,437964,0.114,0.319,5
2026-04,B033,2,6977,1736,0.2488,6535,64,88,0.0369,0.0168,5957,381244,524210,0.1251,0.3063,12
2026-05,B033,3,8048,2338,0.2905,8465,54,71,0.0231,0.0124,6586,355618,467572,0.1385,0.2834,8
2026-06,B033,4,7175,2831,0.3946,12930,90,65,0.0318,0.015,6096,548664,396257,0.1356,0.2937,14
2026-07,B033,5,7863,3461,0.4402,16385,95,48,0.0274,0.0109,6739,640231,323485,0.1381,0.292,15
2026-08,B033,6,7511,3053,0.4065,11583,78,58,0.0255,0.013,5942,463488,344645,0.1381,0.2913,12
2026-09,B033,7,6507,2356,0.3621,7579,78,57,0.0331,0.0137,6737,525460,383990,0.0921,0.2894,15
2026-08,B034,0,5835,458,0.0785,1677,12,70,0.0262,0.013,9383,112599,656830,0.1166,0.2793,2
2026-09,B034,1,6317,883,0.1398,3652,32,89,0.0362,0.0164,9721,311065,865149,0.1277,0.272,5
2025-11,B035,0,27575,2053,0.0745,7375,43,249,0.0209,0.0098,6140,264035,1528946,0.1514,0.3044,7
2025-12,B035,1,28041,3426,0.1222,13712,139,427,0.0406,0.0173,6246,868182,2667004,0.1374,0.2313,13
2026-01,B035,2,24600,6642,0.27,32837,190,216,0.0286,0.012,5930,1126641,1280812,0.1326,0.2915,30
2026-02,B035,3,33702,8845,0.2624,36115,247,322,0.0279,0.013,6257,1545574,2014878,0.1266,0.2654,34
2026-03,B035,4,21928,6438,0.2936,27903,169,220,0.0263,0.0142,5832,985541,1282953,0.1489,0.3121,28
2026-04,B035,5,27513,11729,0.4263,49621,315,214,0.0269,0.0136,6685,2105677,1430524,0.1606,0.2999,44
2026-05,B035,6,32438,14193,0.4375,45391,363,241,0.0256,0.0132,6732,2443798,1622466,0.151,0.3146,59
2026-06,B035,7,27404,14198,0.5181,49240,316,143,0.0223,0.0108,6087,1923587,870484,0.1092,0.2817,54
2026-07,B035,8,26912,10821,0.4021,34955,259,193,0.0239,0.012,6504,1684420,1255186,0.1269,0.3082,47
2026-08,B035,9,26801,10608,0.3958,32250,297,199,0.028,0.0123,6157,1828701,1225291,0.1219,0.2573,40
2026-09,B035,10,29919,13611,0.4549,50682,411,211,0.0302,0.0129,6348,2609212,1339523,0.1444,0.3558,87
2026-08,B036,0,26202,2220,0.0847,9995,53,298,0.0239,0.0124,2273,120465,677332,0.1355,0.2684,7
2026-09,B036,1,26288,4070,0.1548,14820,106,289,0.026,0.013,2230,236419,644576,0.1497,0.3099,17
2026-04,B037,0,5794,341,0.0589,1261,10,85,0.0293,0.0156,9846,98461,836920,0.1604,0.2576,1
2026-05,B037,1,5770,782,0.1355,3499,26,78,0.0332,0.0156,9999,259970,779910,0.1678,0.2785,3
2026-06,B037,2,6231,1441,0.2313,6411,44,70,0.0305,0.0146,9866,434085,690590,0.1605,0.2882,6
2026-07,B037,3,6295,1902,0.3021,8781,52,55,0.0273,0.0125,9270,482047,509858,0.1058,0.3505,13
2026-08,B037,4,7347,2368,0.3223,9020,64,71,0.027,0.0143,8788,562440,623957,0.1192,0.3024,12
2026-09,B037,5,6852,2704,0.3946,8488,81,55,0.03,0.0133,9644,781161,530418,0.1255,0.2986,14
2025-11,B038,0,7739,669,0.0864,2411,17,98,0.0254,0.0139,6528,110976,639746,0.1537,0.2642,2
2025-12,B038,1,7900,1202,0.1522,3629,37,94,0.0308,0.014,6293,232849,591563,0.1134,0.2656,6
2026-01,B038,2,6078,1502,0.2471,5254,39,66,0.026,0.0144,6266,244366,413542,0.1083,0.3104,8
2026-02,B038,3,8294,2128,0.2566,8156,57,79,0.0268,0.0128,5484,312599,433251,0.1077,0.2986,11
2026-03,B038,4,6991,2943,0.421,13775,84,61,0.0285,0.0151,6404,537922,390634,0.1176,0.3019,15
2026-04,B038,5,7227,3062,0.4237,12607,97,53,0.0317,0.0127,6457,626351,342233,0.1154,0.2527,13
2026-05,B038,6,7456,3153,0.4229,14973,87,59,0.0276,0.0137,6526,567728,385011,0.1452,0.2376,8
2026-06,B038,7,7486,3008,0.4018,14510,120,75,0.0399,0.0167,6177,741185,463241,0.1267,0.3337,25
2026-07,B038,8,7660,3843,0.5017,13219,91,52,0.0237,0.0136,6157,560292,320167,0.1408,0.2756,12
2026-08,B038,9,7452,3796,0.5094,13669,90,43,0.0237,0.0118,6340,570618,272629,0.1234,0.3075,17
2026-09,B038,10,8510,3360,0.3948,14567,96,75,0.0286,0.0146,6365,611019,477359,0.1624,0.2815,11
2026-01,B039,0,21835,1900,0.087,7813,60,271,0.0316,0.0136,6681,400851,1810511,0.1268,0.3055,11
2026-02,B039,1,28161,4320,0.1534,14223,113,362,0.0262,0.0152,5931,670229,2147106,0.1095,0.3264,25
2026-03,B039,2,23930,5479,0.229,22841,143,223,0.0261,0.0121,6200,886657,1382688,0.135,0.2776,20
2026-04,B039,3,22840,6957,0.3046,28212,248,266,0.0356,0.0167,6029,1495137,1603655,0.1208,0.2894,42
2026-05,B039,4,26879,8989,0.3344,40167,208,240,0.0231,0.0134,6281,1306421,1507409,0.1254,0.3095,38
2026-06,B039,5,28599,13275,0.4642,62126,272,178,0.0205,0.0116,5961,1621470,1061109,0.1165,0.2968,49
2026-07,B039,6,26504,11327,0.4274,45758,394,239,0.0348,0.0157,6272,2471137,1498989,0.1641,0.2772,45
2026-08,B039,7,29217,12620,0.4319,58395,446,246,0.0353,0.0148,6522,2908702,1604351,0.1511,0.2747,55
2026-09,B039,8,26957,11798,0.4377,45413,317,191,0.0269,0.0126,6375,2020986,1217692,0.1459,0.2922,46
2026-03,B040,0,21152,1542,0.0729,7563,31,237,0.0201,0.0121,5963,184860,1413287,0.1413,0.2294,3
2026-04,B040,1,22997,3259,0.1417,14983,102,262,0.0313,0.0133,5980,610002,1566867,0.1092,0.3132,21
2026-05,B040,2,29782,5739,0.1927,19451,184,349,0.0321,0.0145,6085,1119568,2123528,0.1292,0.3064,33
2026-06,B040,3,24033,5159,0.2147,15551,136,263,0.0264,0.0139,5514,749967,1450304,0.112,0.3136,27
2026-07,B040,4,23390,7545,0.3226,27983,252,270,0.0334,0.017,6821,1718951,1841733,0.1716,0.3196,37
2026-08,B040,5,22201,9694,0.4366,29697,308,165,0.0318,0.0132,5487,1690048,905383,0.1462,0.2906,44
2026-09,B040,6,23357,12090,0.5176,56942,372,154,0.0308,0.0137,6271,2332713,965693,0.1162,0.2732,58
2026-06,B041,0,6825,566,0.0829,1717,18,78,0.0318,0.0125,3012,54211,234913,0.147,0.305,3
2026-07,B041,1,6447,1110,0.1722,3642,40,87,0.036,0.0163,3068,122733,266944,0.1337,0.3285,8
2026-08,B041,2,7140,1718,0.2406,6441,62,94,0.0361,0.0173,3310,205197,311105,0.1576,0.2805,8
2026-09,B041,3,6211,1655,0.2665,5755,44,56,0.0266,0.0123,3723,163811,208486,0.128,0.2889,7
2026-03,B042,0,23032,1441,0.0626,4956,41,301,0.0285,0.0139,6386,261842,1922301,0.1478,0.2971,6
2026-04,B042,1,23909,3503,0.1465,13431,106,293,0.0303,0.0144,6441,682774,1887291,0.1554,0.2852,14
2026-05,B042,2,29525,7108,0.2407,26658,234,355,0.0329,0.0158,6537,1529647,2320618,0.0856,0.3503,62
2026-06,B042,3,28712,7884,0.2746,25332,292,337,0.037,0.0162,6125,1788376,2063982,0.1774,0.2486,21
2026-07,B042,4,23157,8378,0.3618,28725,272,226,0.0325,0.0153,6573,1787947,1485574,0.1585,0.273,31
2026-08,B042,5,23164,9256,0.3996,43465,263,219,0.0284,0.0157,6247,1642888,1368032,0.1205,0.2688,39
2026-09,B042,6,24297,11148,0.4588,43954,336,211,0.0301,0.016,6160,2069708,1299728,0.0941,0.2406,49
2026-04,B043,0,23428,1702,0.0726,7302,70,364,0.0411,0.0168,9082,635725,3305771,0.1279,0.3146,13
2026-05,B043,1,21479,3242,0.1509,10337,94,269,0.029,0.0148,9306,874794,2503399,0.1254,0.2936,16
2026-06,B043,2,23297,5040,0.2163,15872,141,261,0.028,0.0143,9269,1306981,2419306,0.1452,0.2,8
2026-07,B043,3,24429,6804,0.2785,27917,221,247,0.0325,0.014,9311,2057815,2299911,0.1089,0.3332,50
2026-08,B043,4,23960,8919,0.3722,42453,350,234,0.0392,0.0156,10139,3548538,2372451,0.1247,0.2767,53
2026-09,B043,5,24960,11510,0.4611,46550,351,192,0.0305,0.0143,9430,3309796,1810486,0.1554,0.2602,37
2026-07,B044,0,96773,7601,0.0785,28307,242,1284,0.0318,0.0144,9927,2402295,12746059,0.1283,0.3357,50
2026-08,B044,1,76089,11739,0.1543,43360,302,767,0.0257,0.0119,9336,2819328,7160347,0.1098,0.2466,41
2026-09,B044,2,96508,21897,0.2269,79168,664,1094,0.0303,0.0147,9655,6410651,10562127,0.1432,0.3039,107
2025-10,B045,0,21659,1712,0.079,8302,45,267,0.0263,0.0134,2224,100086,593844,0.1512,0.28,6
2025-11,B045,1,27744,4534,0.1634,19477,107,276,0.0236,0.0119,2329,249224,642859,0.1431,0.288,16
2025-12,B045,2,31919,7176,0.2248,28621,268,401,0.0373,0.0162,2403,644072,963705,0.1632,0.3149,41
2026-01,B045,3,24615,7448,0.3026,27788,208,228,0.0279,0.0133,2501,520303,570333,0.1645,0.2839,25
2026-02,B045,4,28042,8520,0.3038,35884,159,186,0.0187,0.0095,2338,371787,434920,0.0904,0.3108,35
2026-03,B045,5,26071,11478,0.4403,40533,371,220,0.0323,0.0151,2336,866783,513995,0.1152,0.2758,60
2026-04,B045,6,25316,13045,0.5153,42568,406,184,0.0311,0.015,2474,1004615,455293,0.1126,0.2971,75
2026-05,B045,7,20807,9734,0.4678,40924,235,128,0.0241,0.0116,2273,534266,291004,0.1419,0.3225,42
2026-06,B045,8,28775,14824,0.5152,60236,462,208,0.0312,0.0149,2402,1109915,499702,0.1039,0.3191,99
2026-07,B045,9,31575,14195,0.4496,44104,393,232,0.0277,0.0133,2330,915873,540668,0.1268,0.2946,66
2026-08,B045,10,27060,10205,0.3771,41067,311,241,0.0305,0.0143,2322,722297,559722,0.1185,0.2939,55
2026-09,B045,11,29412,14855,0.5051,48092,521,227,0.0351,0.0156,2266,1180770,514462,0.1538,0.2742,63
2026-02,B046,0,105118,8906,0.0847,37466,269,1267,0.0302,0.0132,9950,2676627,12607012,0.1572,0.2991,38
2026-03,B046,1,75848,11342,0.1495,55606,285,981,0.0251,0.0152,9329,2658887,9152171,0.1391,0.3067,48
2026-04,B046,2,86901,14853,0.1709,53837,420,1230,0.0283,0.0171,10375,4357433,12761055,0.1291,0.2915,68
2026-05,B046,3,90359,27324,0.3024,126481,711,883,0.026,0.014,9213,6550507,8135159,0.1463,0.3206,124
2026-06,B046,4,85283,31312,0.3672,132010,983,804,0.0314,0.0149,9666,9501885,7771633,0.1198,0.2813,159
2026-07,B046,5,89989,38853,0.4318,120096,1075,676,0.0277,0.0132,8969,9641910,6063192,0.088,0.3045,233
2026-08,B046,6,100560,50490,0.5021,166779,1545,709,0.0306,0.0142,10185,15735665,7221091,0.1464,0.2832,211
2026-09,B046,7,94958,43845,0.4617,170579,1216,616,0.0277,0.0121,9338,11354408,5751904,0.1096,0.3112,245
2026-04,B047,0,6164,412,0.0668,1307,13,88,0.0316,0.0153,5862,76200,515818,0.1469,0.2799,2
2026-05,B047,1,5607,847,0.1511,2777,28,65,0.0331,0.0137,6606,184972,429400,0.1474,0.2462,3
2026-06,B047,2,6506,1505,0.2313,6983,49,74,0.0326,0.0148,6032,295548,446337,0.1344,0.2789,7
2026-07,B047,3,6439,2264,0.3516,10100,76,61,0.0336,0.0146,6562,498692,400266,0.1186,0.2927,13
2026-08,B047,4,7124,3132,0.4396,15174,70,53,0.0223,0.0133,5643,395025,299090,0.1401,0.2851,10
2026-09,B047,5,7314,3970,0.5428,16760,173,62,0.0436,0.0185,6428,1112129,398566,0.1067,0.2986,33
2025-10,B048,0,5975,412,0.069,1649,12,82,0.0291,0.0147,2562,30740,210054,0.1206,0.2437,1
2025-11,B048,1,7422,1112,0.1498,4201,32,85,0.0288,0.0135,2232,71415,189696,0.1335,0.2986,5
2025-12,B048,2,7708,1311,0.1701,4834,37,97,0.0282,0.0152,2681,99195,260051,0.1349,0.304,6
2026-01,B048,3,6260,1770,0.2827,8654,63,73,0.0356,0.0163,2466,155382,180046,0.1347,0.2731,9
2026-02,B048,4,8452,3117,0.3688,12913,108,82,0.0346,0.0154,2335,252188,191476,0.129,0.3022,19
2026-03,B048,5,6699,2546,0.3801,9325,62,54,0.0244,0.013,2451,151943,132338,0.121,0.2765,10
2026-04,B048,6,7975,3745,0.4696,15803,81,60,0.0216,0.0142,2395,194022,143720,0.118,0.2978,15
2026-05,B048,7,7328,3555,0.4851,13616,127,69,0.0357,0.0183,2279,289475,157274,0.1239,0.2427,15
2026-06,B048,8,6837,2903,0.4246,11459,106,62,0.0365,0.0158,2159,228855,133858,0.1616,0.2925,14
2026-07,B048,9,7954,3205,0.4029,12877,93,66,0.029,0.0139,2323,216032,153313,0.0984,0.2333,13
2026-08,B048,10,7685,3574,0.4651,12179,63,41,0.0176,0.01,2226,140236,91264,0.1137,0.2947,11
2026-09,B048,11,8066,3441,0.4266,10560,107,67,0.0311,0.0145,2307,246823,154553,0.0944,0.2819,20
