month,active_brands,new_brands,churned_brands,mrr_thb,setup_fee_thb,modeling_fee_thb,commission_thb,total_revenue_thb,rd_cost_thb,cloud_cost_thb,marketing_cost_thb,ops_people_cost_thb,legal_ip_cost_thb,total_cost_thb,net_profit_thb,cash_balance_thb
2025-10,5,5,0,36700,55000,111840,2213,205753,170000,2710,150000,140000,80000,542710,-336957,2663043
2025-11,11,6,0,83300,70000,64800,3383,221483,179000,7368,248000,146000,20000,600368,-378885,2284158
2025-12,13,2,0,103100,30000,0,5839,138939,188000,16143,96000,152000,20000,472143,-333205,1950953
2026-01,17,4,0,136300,50000,46800,5089,238189,197000,23892,132000,158000,20000,530892,-292703,1658250
2026-02,22,5,0,193000,90000,78480,45278,406758,206000,41166,150000,164000,20000,581166,-174408,1483842
2026-03,25,3,0,222700,45000,98160,50358,416218,215000,52116,194000,170000,20000,651116,-234898,1248944
2026-04,31,7,1,309300,145000,242880,92990,790170,224000,71580,186000,176000,20000,677580,112590,1361533
2026-05,33,2,0,349100,65000,105840,143215,663155,233000,109391,96000,182000,20000,640391,22764,1384297
2026-06,37,5,1,428700,135000,111840,240266,915806,242000,133202,150000,188000,20000,733202,182604,1566901
2026-07,43,6,0,515300,140000,187200,325677,1168177,251000,153958,168000,194000,20000,786958,381220,1948120
2026-08,46,3,0,538600,35000,53760,428303,1055663,260000,201835,114000,200000,20000,795835,259827,2207948
2026-09,46,0,0,538600,0,0,501651,1040251,269000,245340,60000,206000,20000,800340,239910,2447858
